Год,Категория,Зарплата,Кумулятивный_ИПЦ,Реальная зарплата,Базовая зарплата
2000,"Сельское хозяйство, охота и лесное хозяйство",985.1,1.202,819.5507487520799,985.1
2000,"Рыболовство, рыбоводство",2845.6,1.202,2367.3876871880198,2845.6
2000,Добыча топливно-энергетических полезных ископаемых,,1.202,,
2000,"Добыча полезных ископаемых, кроме топливно-энергетических",5940.2,1.202,4941.930116472546,5940.2
2000,Обрабатывающие производства,2365.2,1.202,1967.720465890183,2365.2
2000,"Производство пищевых продуктов, включая напитки, и табака",,1.202,,
2000,Текстильное и швейное производство,1214.8,1.202,1010.648918469218,1214.8
2000,"Производство кожи, изделий из кожи и производство обуви",,1.202,,
2000,Обработка древесины и производство изделий из дерева,1739.1,1.202,1446.8386023294509,1739.1
2000,Целлюлозно-бумажное производство; издательская и полиграфическая деятельность,2736.6,1.202,2276.7054908485857,2736.6
2000,Производство кокса и нефтепродуктов,4916.3,1.202,4090.099833610649,4916.3
2000,Химическое производство,2754.6,1.202,2291.6805324459233,2754.6
2000,Производство резиновых и пластмассовых изделий,,1.202,,
2000,Производство прочих неметаллических минеральных продуктов,2182.0,1.202,1815.307820299501,2182.0
2000,Металлургическое производство и производство готовых металлических изделий,,1.202,,
2000,Производство машин и оборудования,1975.3,1.202,1643.3444259567389,1975.3
2000,"Производство электрооборудования, электронного и оптического оборудования",2003.6,1.202,1666.8885191347754,2003.6
2000,Производство транспортных средств и оборудования,2454.1,1.202,2041.6805324459235,2454.1
2000,Прочие производства,2053.2,1.202,1708.153078202995,2053.2
2000,"Производство и распределение электроэнергии, газа и воды",3156.5,1.202,2626.0399334442595,3156.5
2000,Строительство,2639.8,1.202,2196.173044925125,2639.8
2000,"Оптовая и розничная торговля; ремонт автотранспортных средств, мотоциклов, бытовых изделий и предметов личного пользования",1584.5,1.202,1318.2196339434277,1584.5
2000,Гостиницы и рестораны,1640.0,1.202,1364.3926788685524,1640.0
2000,Транспорт и связь,3220.2,1.202,2679.034941763727,3220.2
2000,Из них связь,2879.2,1.202,2395.341098169717,2879.2
2000,Финансовая деятельность,5232.2,1.202,4352.9118136439265,5232.2
2000,"Операции с недвижимым имуществом, аренда и предоставление услуг",2456.7,1.202,2043.8435940099832,2456.7
2000,Государственное управление и обеспечение военной безопасности; социальное страхование,2712.1,1.202,2256.3227953410983,2712.1
2000,Образование,1240.2,1.202,1031.7803660565723,1240.2
2000,Здравоохранение и предоставление социальных услуг,1333.3,1.202,1109.234608985025,1333.3
2000,"Предоставление прочих коммунальных, социальных и персональных услуг",1548.0,1.202,1287.8535773710482,1548.0
2000,"Производство лекарственных средств и материалов, применяемых в медицинских целях",,1.202,,
2000,"Деятельность профессиональная,научная и техническая",,1.202,,
2000,Деятельность административная и сопутствующие дополнительные услуги,,1.202,,
2001,"Сельское хозяйство, охота и лесное хозяйство",1434.6,1.4253315999999998,1006.5026271781248,1168.13158
2001,"Рыболовство, рыбоводство",3839.3,1.4253315999999998,2693.6188042137005,3374.3124799999996
2001,Добыча топливно-энергетических полезных ископаемых,,1.4253315999999998,,
2001,"Добыча полезных ископаемых, кроме топливно-энергетических",9099.2,1.4253315999999998,6383.917959862815,7043.88916
2001,Обрабатывающие производства,3446.6,1.4253315999999998,2418.103969630646,2804.6541599999996
2001,"Производство пищевых продуктов, включая напитки, и табака",,1.4253315999999998,,
2001,Текстильное и швейное производство,1764.8,1.4253315999999998,1238.1680164812176,1440.50984
2001,"Производство кожи, изделий из кожи и производство обуви",,1.4253315999999998,,
2001,Обработка древесины и производство изделий из дерева,2310.3,1.4253315999999998,1620.885974884722,2062.22478
2001,Целлюлозно-бумажное производство; издательская и полиграфическая деятельность,4309.0,1.4253315999999998,3023.1561553816673,3245.0602799999997
2001,Производство кокса и нефтепродуктов,7012.4,1.4253315999999998,4919.837601299235,5829.74854
2001,Химическое производство,3901.8,1.4253315999999998,2737.4682494936624,3266.4046799999996
2001,Производство резиновых и пластмассовых изделий,,1.4253315999999998,,
2001,Производство прочих неметаллических минеральных продуктов,3220.0,1.4253315999999998,2259.123420823618,2587.4156
2001,Металлургическое производство и производство готовых металлических изделий,,1.4253315999999998,,
2001,Производство машин и оборудования,3073.5,1.4253315999999998,2156.340321087388,2342.31074
2001,"Производство электрооборудования, электронного и оптического оборудования",2998.8,1.4253315999999998,2103.9314640887783,2375.86888
2001,Производство транспортных средств и оборудования,3664.6,1.4253315999999998,2571.050834767152,2910.0717799999998
2001,Прочие производства,2738.2,1.4253315999999998,1921.0968170494502,2434.6845599999997
2001,"Производство и распределение электроэнергии, газа и воды",4434.8,1.4253315999999998,3111.416318841174,3742.9777
2001,Строительство,3859.3,1.4253315999999998,2707.6506267032883,3130.27484
2001,"Оптовая и розничная торговля; ремонт автотранспортных средств, мотоциклов, бытовых изделий и предметов личного пользования",2294.9,1.4253315999999998,1610.0814715677393,1878.9000999999998
2001,Гостиницы и рестораны,2403.6,1.4253315999999998,1686.3444267986483,1944.712
2001,Транспорт и связь,4304.2,1.4253315999999998,3019.788517984166,3818.5131599999995
2001,Из них связь,4131.2,1.4253315999999998,2898.413253449233,3414.1553599999997
2001,Финансовая деятельность,8885.2,1.4253315999999998,6233.777459224227,6204.3427599999995
2001,"Операции с недвижимым имуществом, аренда и предоставление услуг",3545.6,1.4253315999999998,2487.5614909541055,2913.1548599999996
2001,Государственное управление и обеспечение военной безопасности; социальное страхование,3754.9,1.4253315999999998,2634.4045133076406,3216.00818
2001,Образование,1833.0,1.4253315999999998,1286.0165311707117,1470.62916
2001,Здравоохранение и предоставление социальных услуг,1959.9,1.4253315999999998,1375.0484448671455,1581.02714
2001,"Предоставление прочих коммунальных, социальных и персональных услуг",2311.7,1.4253315999999998,1621.8682024589928,1835.6183999999998
2001,"Производство лекарственных средств и материалов, применяемых в медицинских целях",,1.4253315999999998,,
2001,"Деятельность профессиональная,научная и техническая",,1.4253315999999998,,
2001,Деятельность административная и сопутствующие дополнительные услуги,,1.4253315999999998,,
2002,"Сельское хозяйство, охота и лесное хозяйство",1876.4,1.63998653896,1144.1557326378559,1344.052195948
2002,"Рыболовство, рыбоводство",5031.3,1.63998653896,3067.891034758497,3882.483939488
2002,Добыча топливно-энергетических полезных ископаемых,,1.63998653896,,
2002,"Добыча полезных ископаемых, кроме топливно-энергетических",11080.9,1.63998653896,6756.701800142195,8104.698867496
2002,Обрабатывающие производства,4439.1,1.63998653896,2706.790509887394,3227.035076496
2002,"Производство пищевых продуктов, включая напитки, и табака",,1.63998653896,,
2002,Текстильное и швейное производство,2241.7,1.63998653896,1366.9014633629722,1657.450621904
2002,"Производство кожи, изделий из кожи и производство обуви",,1.63998653896,,
2002,Обработка древесины и производство изделий из дерева,2980.2,1.63998653896,1817.2100375225632,2372.795831868
2002,Целлюлозно-бумажное производство; издательская и полиграфическая деятельность,5480.2,1.63998653896,3341.6127936484636,3733.766358168
2002,Производство кокса и нефтепродуктов,9625.3,1.63998653896,5869.133539415451,6707.7086701240005
2002,Химическое производство,4899.5,1.63998653896,2987.5245214555393,3758.325224808
2002,Производство резиновых и пластмассовых изделий,,1.63998653896,,
2002,Производство прочих неметаллических минеральных продуктов,4134.2,1.63998653896,2520.8743497502787,2977.08038936
2002,Металлургическое производство и производство готовых металлических изделий,,1.63998653896,,
2002,Производство машин и оборудования,4066.6,1.63998653896,2479.6544992246345,2695.062737444
2002,"Производство электрооборудования, электронного и оптического оборудования",3815.7,1.63998653896,2326.665438619839,2733.674733328
2002,Производство транспортных средств и оборудования,5099.9,1.63998653896,3109.7206463865914,3348.328590068
2002,Прочие производства,3279.3,1.63998653896,1999.589583265466,2801.348054736
2002,"Производство и распределение электроэнергии, газа и воды",5869.4,1.63998653896,3578.9318147221434,4306.67014162
2002,Строительство,4806.9,1.63998653896,2931.0606433686357,3601.6942309040005
2002,"Оптовая и розничная торговля; ремонт автотранспортных средств, мотоциклов, бытовых изделий и предметов личного пользования",3068.9,1.63998653896,1871.2958473099102,2161.8624550600002
2002,Гостиницы и рестораны,3039.3,1.63998653896,1853.2469186773797,2237.5856272
2002,Транспорт и связь,5851.5,1.63998653896,3568.0170909882822,4393.5812418959995
2002,Из них связь,5661.5,1.63998653896,3452.1624815227137,3928.3271572159997
2002,Финансовая деятельность,13245.9,1.63998653896,8076.834586947225,7138.716779656
2002,"Операции с недвижимым имуществом, аренда и предоставление услуг",4677.1,1.63998653896,2851.9136522705794,3351.875981916
2002,Государственное управление и обеспечение военной безопасности; социальное страхование,5200.4,1.63998653896,3171.0016371828524,3700.339011908
2002,Образование,2927.3,1.63998653896,1784.9536752029392,1692.105911496
2002,Здравоохранение и предоставление социальных услуг,3141.3,1.63998653896,1915.4425511273164,1819.129827284
2002,"Предоставление прочих коммунальных, социальных и персональных услуг",3183.1,1.63998653896,1940.9305652097412,2112.06253104
2002,"Производство лекарственных средств и материалов, применяемых в медицинских целях",,1.63998653896,,
2002,"Деятельность профессиональная,научная и техническая",,1.63998653896,,
2002,Деятельность административная и сопутствующие дополнительные услуги,,1.63998653896,,
2003,"Сельское хозяйство, охота и лесное хозяйство",2339.8,1.8366209249813037,1273.9700218888765,1505.204054242165
2003,"Рыболовство, рыбоводство",5444.5,1.8366209249813037,2964.411395920159,4347.993763832611
2003,Добыча топливно-энергетических полезных ископаемых,,1.8366209249813037,,
2003,"Добыча полезных ископаемых, кроме топливно-энергетических",13912.4,1.8366209249813037,7574.9980906602295,9076.45226170877
2003,Обрабатывающие производства,5603.4,1.8366209249813037,3050.928977114339,3613.95658216787
2003,"Производство пищевых продуктов, включая напитки, и табака",,1.8366209249813037,,
2003,Текстильное и швейное производство,2803.0,1.8366209249813037,1526.1723101780156,1856.1789514702893
2003,"Производство кожи, изделий из кожи и производство обуви",,1.8366209249813037,,
2003,Обработка древесины и производство изделий из дерева,3754.8,1.8366209249813037,2044.4066322712854,2657.2940521089727
2003,Целлюлозно-бумажное производство; издательская и полиграфическая деятельность,6848.4,1.8366209249813037,3728.804298616882,4181.444944512343
2003,Производство кокса и нефтепродуктов,11879.0,1.8366209249813037,6467.856180023064,7511.962939671867
2003,Химическое производство,6154.8,1.8366209249813037,3351.154239987032,4208.948419262479
2003,Производство резиновых и пластмассовых изделий,,1.8366209249813037,,
2003,Производство прочих неметаллических минеральных продуктов,5207.8,1.8366209249813037,2835.5334131091936,3334.0323280442635
2003,Металлургическое производство и производство готовых металлических изделий,,1.8366209249813037,,
2003,Производство машин и оборудования,5169.7,1.8366209249813037,2814.788794836706,3018.2007596635353
2003,"Производство электрооборудования, электронного и оптического оборудования",5108.5,1.8366209249813037,2781.4667308399544,3061.442333854027
2003,Производство транспортных средств и оборудования,6365.0,1.8366209249813037,3465.6035512961357,3749.7931880171527
2003,Прочие производства,4045.2,1.8366209249813037,2202.5230928048904,3137.2296864988457
2003,"Производство и распределение электроэнергии, газа и воды",7235.3,1.8366209249813037,3939.4629025440586,4823.039891600238
2003,Строительство,6176.7,1.8366209249813037,3363.0783119074376,4033.5373691893897
2003,"Оптовая и розничная торговля; ремонт автотранспортных средств, мотоциклов, бытовых изделий и предметов личного пользования",3974.2,1.8366209249813037,2163.8651427432997,2421.069763421694
2003,Гостиницы и рестораны,3966.7,1.8366209249813037,2159.7815564691878,2505.8721439012797
2003,Транспорт и связь,7471.3,1.8366209249813037,4067.959750636107,4920.37163279933
2003,Из них связь,7304.2,1.8366209249813037,3976.977448448898,4399.333583366198
2003,Финансовая деятельность,15561.2,1.8366209249813037,8472.733697160947,7994.648921536754
2003,"Операции с недвижимым имуществом, аренда и предоставление услуг",6196.3,1.8366209249813037,3373.7500840371167,3753.7659121477277
2003,Государственное управление и обеспечение военной безопасности; социальное страхование,6913.8,1.8366209249813037,3764.4131709271364,4144.009659435768
2003,Образование,3386.6,1.8366209249813037,1843.9297701208945,1894.9894102843703
2003,Здравоохранение и предоставление социальных услуг,3662.6,1.8366209249813037,1994.2057450082052,2037.2434935753513
2003,"Предоставление прочих коммунальных, социальных и персональных услуг",3920.3,1.8366209249813037,2134.5177693866835,2365.298828511696
2003,"Производство лекарственных средств и материалов, применяемых в медицинских целях",,1.8366209249813037,,
2003,"Деятельность профессиональная,научная и техническая",,1.8366209249813037,,
2003,Деятельность административная и сопутствующие дополнительные услуги,,1.8366209249813037,,
2004,"Сельское хозяйство, охота и лесное хозяйство",3015.4,2.0522402215741087,1469.321168302183,1681.915010210195
2004,"Рыболовство, рыбоводство",7084.9,2.0522402215741087,3452.276164125534,4858.4482317065585
2004,Добыча топливно-энергетических полезных ископаемых,,2.0522402215741087,,
2004,"Добыча полезных ископаемых, кроме топливно-энергетических",16841.7,2.0522402215741087,8206.495430189983,10142.027757233378
2004,Обрабатывающие производства,6848.9,2.0522402215741087,3337.2798798119056,4038.2350849143772
2004,"Производство пищевых продуктов, включая напитки, и табака",,2.0522402215741087,,
2004,Текстильное и швейное производство,3356.5,2.0522402215741087,1635.5297809266688,2074.094360372901
2004,"Производство кожи, изделий из кожи и производство обуви",,2.0522402215741087,,
2004,Обработка древесины и производство изделий из дерева,4614.6,2.0522402215741087,2248.5671762443635,2969.2603738265657
2004,Целлюлозно-бумажное производство; издательская и полиграфическая деятельность,7892.0,2.0522402215741087,3845.5537110303203,4672.346580998091
2004,Производство кокса и нефтепродуктов,13729.3,2.0522402215741087,6689.908839945333,8393.867388789344
2004,Химическое производство,7682.7,2.0522402215741087,3743.567599560649,4703.078963683894
2004,Производство резиновых и пластмассовых изделий,,2.0522402215741087,,
2004,Производство прочих неметаллических минеральных продуктов,6422.4,2.0522402215741087,3129.4582049824035,3725.44772335666
2004,Металлургическое производство и производство готовых металлических изделий,,2.0522402215741087,,
2004,Производство машин и оборудования,6514.2,2.0522402215741087,3174.18981049084,3372.537528848034
2004,"Производство электрооборудования, электронного и оптического оборудования",6431.7,2.0522402215741087,3133.9898382201864,3420.8556638484893
2004,Производство транспортных средств и оборудования,7828.0,2.0522402215741087,3814.368277996116,4190.018908290366
2004,Прочие производства,5182.0,2.0522402215741087,2525.045530988231,3505.5404516938097
2004,"Производство и распределение электроэнергии, газа и воды",8641.8,2.0522402215741087,4210.910549921669,5389.264774874105
2004,Строительство,7304.7,2.0522402215741087,3559.3786357023796,4507.074656332224
2004,"Оптовая и розничная торговля; ремонт автотранспортных средств, мотоциклов, бытовых изделий и предметов личного пользования",4906.2,2.0522402215741087,2390.6558055064565,2705.3033536474004
2004,Гостиницы и рестораны,4737.3,2.0522402215741087,2308.355498639627,2800.06153359529
2004,Транспорт и связь,9319.9,2.0522402215741087,4541.329958366888,5498.02326248997
2004,Из них связь,8974.2,2.0522402215741087,4372.879892743069,4915.815346053389
2004,Финансовая деятельность,17383.8,2.0522402215741087,8470.645793437516,8933.220704925167
2004,"Операции с недвижимым имуществом, аренда и предоставление услуг",7795.4,2.0522402215741087,3798.4831980443178,4194.458030233871
2004,Государственное управление и обеспечение военной безопасности; социальное страхование,7898.6,2.0522402215741087,3848.7697088119726,4630.516393453528
2004,Образование,4203.4,2.0522402215741087,2048.2007689996003,2117.461167051755
2004,Здравоохранение и предоставление социальных услуг,4612.0,2.0522402215741087,2247.300268027349,2276.415879721097
2004,"Предоставление прочих коммунальных, социальных и персональных услуг",4822.7,2.0522402215741087,2349.968560844643,2642.9849109789684
2004,"Производство лекарственных средств и материалов, применяемых в медицинских целях",,2.0522402215741087,,
2004,"Деятельность профессиональная,научная и техническая",,2.0522402215741087,,
2004,Деятельность административная и сопутствующие дополнительные услуги,,2.0522402215741087,,
2005,"Сельское хозяйство, охота и лесное хозяйство",3646.2,2.276139629747844,1601.922813673753,1865.4119378241273
2005,"Рыболовство, рыбоводство",10233.5,2.276139629747844,4495.98955453084,5388.5049337857445
2005,Добыча топливно-энергетических полезных ископаемых,,2.276139629747844,,
2005,"Добыча полезных ископаемых, кроме топливно-энергетических",19726.9,2.276139629747844,8666.823310038055,11248.522985547539
2005,Обрабатывающие производства,8420.9,2.276139629747844,3699.641221453926,4478.806532678536
2005,"Производство пищевых продуктов, включая напитки, и табака",,2.276139629747844,,
2005,Текстильное и швейное производство,3986.0,2.276139629747844,1751.2106673532935,2300.3780550895844
2005,"Производство кожи, изделий из кожи и производство обуви",,2.276139629747844,,
2005,Обработка древесины и производство изделий из дерева,5895.4,2.276139629747844,2590.0871470934785,3293.2066806110442
2005,Целлюлозно-бумажное производство; издательская и полиграфическая деятельность,9418.6,2.276139629747844,4137.97109672196,5182.099592984983
2005,Производство кокса и нефтепродуктов,19397.1,2.276139629747844,8521.92885993943,9309.63832090626
2005,Химическое производство,9928.3,2.276139629747844,4361.90287724127,5216.184878621806
2005,Производство резиновых и пластмассовых изделий,,2.276139629747844,,
2005,Производство прочих неметаллических минеральных продуктов,7921.8,2.276139629747844,3480.3664487303868,4131.894069974872
2005,Металлургическое производство и производство готовых металлических изделий,,2.276139629747844,,
2005,Производство машин и оборудования,8379.8,2.276139629747844,3681.584332736359,3740.4813732453545
2005,"Производство электрооборудования, электронного и оптического оборудования",8218.8,2.276139629747844,3610.8505350836044,3794.0710167743596
2005,Производство транспортных средств и оборудования,9377.4,2.276139629747844,4119.870273968583,4647.149971184845
2005,Прочие производства,6386.8,2.276139629747844,2805.978999059713,3887.994914973605
2005,"Производство и распределение электроэнергии, газа и воды",10637.3,2.276139629747844,4673.395191128246,5977.23356181287
2005,Строительство,9042.8,2.276139629747844,3972.8669901511194,4998.796501338069
2005,"Оптовая и розничная торговля; ремонт автотранспортных средств, мотоциклов, бытовых изделий и предметов личного пользования",6552.1,2.276139629747844,2878.601960252262,3000.4519495303316
2005,Гостиницы и рестораны,6033.4,2.276139629747844,2650.7161165101256,3105.548246910536
2005,Транспорт и связь,11351.1,2.276139629747844,4986.996338734062,6097.8576004276265
2005,Из них связь,11389.1,2.276139629747844,5003.691272341544,5452.130800307814
2005,Финансовая деятельность,22463.5,2.276139629747844,9869.122133991648,9907.835083832502
2005,"Операции с недвижимым имуществом, аренда и предоставление услуг",10236.8,2.276139629747844,4497.439377712542,4652.073401332386
2005,Государственное управление и обеспечение военной безопасности; социальное страхование,10958.5,2.276139629747844,4814.511314147282,5135.7057319793075
2005,Образование,5429.7,2.276139629747844,2385.4863423302,2348.4761803771016
2005,Здравоохранение и предоставление социальных услуг,5905.6,2.276139629747844,2594.568418746014,2524.772852198669
2005,"Предоставление прочих коммунальных, социальных и персональных услуг",6291.0,2.276139629747844,2763.8901927545335,2931.3345647667743
2005,"Производство лекарственных средств и материалов, применяемых в медицинских целях",,2.276139629747844,,
2005,"Деятельность профессиональная,научная и техническая",,2.276139629747844,,
2005,Деятельность административная и сопутствующие дополнительные услуги,,2.276139629747844,,
2006,"Сельское хозяйство, охота и лесное хозяйство",4568.7,2.48099219642515,1841.4810036819213,2033.299012228299
2006,"Рыболовство, рыбоводство",12310.8,2.48099219642515,4962.047046233589,5873.470377826462
2006,Добыча топливно-энергетических полезных ископаемых,,2.48099219642515,,
2006,"Добыча полезных ископаемых, кроме топливно-энергетических",23145.2,2.48099219642515,9329.00959275479,12260.89005424682
2006,Обрабатывающие производства,10198.5,2.48099219642515,4110.653799997828,4881.899120619605
2006,"Производство пищевых продуктов, включая напитки, и табака",,2.48099219642515,,
2006,Текстильное и швейное производство,4964.3,2.48099219642515,2000.9333391507787,2507.4120800476476
2006,"Производство кожи, изделий из кожи и производство обуви",,2.48099219642515,,
2006,Обработка древесины и производство изделий из дерева,6950.4,2.48099219642515,2801.459839339599,3589.595281866039
2006,Целлюлозно-бумажное производство; издательская и полиграфическая деятельность,10923.6,2.48099219642515,4402.9159042659485,5648.488556353632
2006,Производство кокса и нефтепродуктов,22319.6,2.48099219642515,8996.239501341523,10147.505769787826
2006,Химическое производство,11599.3,2.48099219642515,4675.266619827897,5685.641517697769
2006,Производство резиновых и пластмассовых изделий,,2.48099219642515,,
2006,Производство прочих неметаллических минеральных продуктов,9983.8,2.48099219642515,4024.115841390235,4503.764536272611
2006,Металлургическое производство и производство готовых металлических изделий,,2.48099219642515,,
2006,Производство машин и оборудования,10418.0,2.48099219642515,4199.126468439218,4077.1246968374367
2006,"Производство электрооборудования, электронного и оптического оборудования",10289.8,2.48099219642515,4147.453593294861,4135.537408284053
2006,Производство транспортных средств и оборудования,11431.2,2.48099219642515,4607.5114691900935,5065.393468591482
2006,Прочие производства,8278.0,2.48099219642515,3336.5683342042475,4237.91445732123
2006,"Производство и распределение электроэнергии, газа и воды",12827.5,2.48099219642515,5170.310498550976,6515.184582376029
2006,Строительство,10869.2,2.48099219642515,4380.989192816237,5448.688186458496
2006,"Оптовая и розничная торговля; ремонт автотранспортных средств, мотоциклов, бытовых изделий и предметов личного пользования",8234.9,2.48099219642515,3319.196252154936,3270.492624988062
2006,Гостиницы и рестораны,7521.7,2.48099219642515,3031.73061601644,3385.0475891324845
2006,Транспорт и связь,13389.9,2.48099219642515,5396.9940007443165,6646.664784466114
2006,Из них связь,13220.3,2.48099219642515,5328.6342532834515,5942.822572335517
2006,Финансовая деятельность,27885.5,2.48099219642515,11239.656472994991,10799.54024137743
2006,"Операции с недвижимым имуществом, аренда и предоставление услуг",12763.2,2.48099219642515,5144.393448069057,5070.760007452302
2006,Государственное управление и обеспечение военной безопасности; социальное страхование,13477.3,2.48099219642515,5432.221842301389,5597.919247857446
2006,Образование,6983.3,2.48099219642515,2814.72066299209,2559.839036611041
2006,Здравоохранение и предоставление социальных услуг,8059.9,2.48099219642515,3248.6599561310477,2752.0024088965497
2006,"Предоставление прочих коммунальных, социальных и персональных услуг",7996.4,2.48099219642515,3223.065357288094,3195.1546755957843
2006,"Производство лекарственных средств и материалов, применяемых в медицинских целях",,2.48099219642515,,
2006,"Деятельность профессиональная,научная и техническая",,2.48099219642515,,
2006,Деятельность административная и сопутствующие дополнительные услуги,,2.48099219642515,,
2007,"Сельское хозяйство, охота и лесное хозяйство",6143.8,2.7754859701408154,2213.5943276586954,2274.6516049797983
2007,"Рыболовство, рыбоводство",14797.0,2.7754859701408154,5331.318608412662,6570.651311674464
2007,Добыча топливно-энергетических полезных ископаемых,,2.7754859701408154,,
2007,"Добыча полезных ископаемых, кроме топливно-энергетических",28107.5,2.7754859701408154,10127.055334592073,13716.257703685917
2007,Обрабатывающие производства,12878.7,2.7754859701408154,4640.160367788346,5461.380546237152
2007,"Производство пищевых продуктов, включая напитки, и табака",,2.7754859701408154,,
2007,Текстильное и швейное производство,6589.5,2.7754859701408154,2374.1788180127887,2805.0418939493034
2007,"Производство кожи, изделий из кожи и производство обуви",,2.7754859701408154,,
2007,Обработка древесины и производство изделий из дерева,8815.6,2.7754859701408154,3176.236556350792,4015.6802418235375
2007,Целлюлозно-бумажное производство; издательская и полиграфическая деятельность,13792.0,2.7754859701408154,4969.21985856778,6318.964147992809
2007,Производство кокса и нефтепродуктов,28565.0,2.7754859701408154,10291.891332655789,11352.01470466164
2007,Химическое производство,14615.9,2.7754859701408154,5266.068773987878,6360.527165848494
2007,Производство резиновых и пластмассовых изделий,,2.7754859701408154,,
2007,Производство прочих неметаллических минеральных продуктов,13193.3,2.7754859701408154,4753.509886894018,5038.361386728169
2007,Металлургическое производство и производство готовых металлических изделий,,2.7754859701408154,,
2007,Производство машин и оборудования,13479.8,2.7754859701408154,4856.7350528945735,4561.079398352041
2007,"Производство электрооборудования, электронного и оптического оборудования",13114.4,2.7754859701408154,4725.082432801718,4626.425698647369
2007,Производство транспортных средств и оборудования,14013.6,2.7754859701408154,5049.061732165418,5666.655673313291
2007,Прочие производства,10114.1,2.7754859701408154,3644.082553040921,4740.95490340526
2007,"Производство и распределение электроэнергии, газа и воды",15587.3,2.7754859701408154,5616.061535778244,7288.5369923040635
2007,Строительство,14333.4,2.7754859701408154,5164.2847970414305,6095.44747419112
2007,"Оптовая и розничная торговля; ремонт автотранспортных средств, мотоциклов, бытовых изделий и предметов личного пользования",11476.3,2.7754859701408154,4134.879485417736,3658.700099574145
2007,Гостиницы и рестораны,9339.0,2.7754859701408154,3364.816144080952,3786.8527379625107
2007,Транспорт и связь,16452.3,2.7754859701408154,5927.718668729312,7435.623894382241
2007,Из них связь,16042.6,2.7754859701408154,5780.1048798622005,6648.235611671744
2007,Финансовая деятельность,34879.8,2.7754859701408154,12567.096492377643,12081.445668028931
2007,"Операции с недвижимым имуществом, аренда и предоставление услуг",16641.6,2.7754859701408154,5995.92294071502,5672.65922033689
2007,Государственное управление и обеспечение военной безопасности; социальное страхование,16896.3,2.7754859701408154,6087.69065373541,6262.392262578124
2007,Образование,8778.3,2.7754859701408154,3162.7974684212254,2863.6919302567717
2007,Здравоохранение и предоставление социальных услуг,10036.6,2.7754859701408154,3616.1595151175593,3078.66509483257
2007,"Предоставление прочих коммунальных, социальных и персональных услуг",10392.2,2.7754859701408154,3744.2812220278483,3574.4195355890038
2007,"Производство лекарственных средств и материалов, применяемых в медицинских целях",,2.7754859701408154,,
2007,"Деятельность профессиональная,научная и техническая",,2.7754859701408154,,
2007,Деятельность административная и сопутствующие дополнительные услуги,,2.7754859701408154,,
2008,"Сельское хозяйство, охота и лесное хозяйство",8474.8,3.144070506975516,2695.4866251242106,2576.7253381211153
2008,"Рыболовство, рыбоводство",19498.9,3.144070506975516,6201.801122697229,7443.233805864832
2008,Добыча топливно-энергетических полезных ископаемых,,3.144070506975516,,
2008,"Добыча полезных ископаемых, кроме топливно-энергетических",33206.1,3.144070506975516,10561.49979026491,15537.776726735407
2008,Обрабатывающие производства,16049.9,3.144070506975516,5104.815545450167,6186.651882777445
2008,"Производство пищевых продуктов, включая напитки, и табака",,3.144070506975516,,
2008,Текстильное и швейное производство,8453.6,3.144070506975516,2688.7437737940754,3177.551457465771
2008,"Производство кожи, изделий из кожи и производство обуви",,3.144070506975516,,
2008,Обработка древесины и производство изделий из дерева,11301.1,3.144070506975516,3594.41684749979,4548.962577937703
2008,Целлюлозно-бумажное производство; издательская и полиграфическая деятельность,17631.7,3.144070506975516,5607.921311205285,7158.122586846253
2008,Производство кокса и нефтепродуктов,34912.5,3.144070506975516,11104.235710535826,12859.562257440706
2008,Химическое производство,18219.9,3.144070506975516,5795.003629714048,7205.205173473174
2008,Производство резиновых и пластмассовых изделий,,3.144070506975516,,
2008,Производство прочих неметаллических минеральных продуктов,16371.8,3.144070506975516,5207.198745599725,5707.45577888567
2008,Металлургическое производство и производство готовых металлических изделий,,3.144070506975516,,
2008,Производство машин и оборудования,16940.0,3.144070506975516,5387.919883608361,5166.790742453191
2008,"Производство электрооборудования, электронного и оптического оборудования",16608.9,3.144070506975516,5282.610540428743,5240.81503142774
2008,Производство транспортных средств и оборудования,17330.9,3.144070506975516,5512.249156483361,6419.187546729296
2008,Прочие производства,12593.4,3.144070506975516,4005.444525515556,5370.553714577478
2008,"Производство и распределение электроэнергии, газа и воды",19057.4,3.144070506975516,6061.378063156905,8256.454704882042
2008,Строительство,18574.0,3.144070506975516,5907.628330468812,6904.9228987637
2008,"Оптовая и розничная торговля; ремонт автотранспортных средств, мотоциклов, бытовых изделий и предметов личного пользования",14927.4,3.144070506975516,4747.794289880486,4144.575472797592
2008,Гостиницы и рестораны,11536.2,3.144070506975516,3669.192524278794,4289.746781563932
2008,Транспорт и связь,20760.8,3.144070506975516,6603.159806352801,8423.074747556202
2008,Из них связь,19918.1,3.144070506975516,6335.13146597991,7531.121300901751
2008,Финансовая деятельность,41871.8,3.144070506975516,13317.703883262842,13685.861652743173
2008,"Операции с недвижимым имуществом, аренда и предоставление услуг",21275.0,3.144070506975516,6766.70575701109,6425.9883647976285
2008,Государственное управление и обеспечение военной безопасности; социальное страхование,21344.1,3.144070506975516,6788.683635639031,7094.0379550484995
2008,Образование,11316.8,3.144070506975516,3599.41037419239,3243.990218594871
2008,Здравоохранение и предоставление социальных услуг,13048.6,3.144070506975516,4150.224993698468,3487.5118194263355
2008,"Предоставление прочих коммунальных, социальных и персональных услуг",13538.6,3.144070506975516,4306.073915951602,4049.1024499152236
2008,"Производство лекарственных средств и материалов, применяемых в медицинских целях",,3.144070506975516,,
2008,"Деятельность профессиональная,научная и техническая",,3.144070506975516,,
2008,Деятельность административная и сопутствующие дополнительные услуги,,3.144070506975516,,
2009,"Сельское хозяйство, охота и лесное хозяйство",9619.2,3.420748711589362,2812.0159681447894,2803.4771678757743
2009,"Рыболовство, рыбоводство",22913.5,3.420748711589362,6698.387380040505,8098.238380780938
2009,Добыча топливно-энергетических полезных ископаемых,,3.420748711589362,,
2009,"Добыча полезных ископаемых, кроме топливно-энергетических",35363.4,3.420748711589362,10337.912247161037,16905.101078688127
2009,Обрабатывающие производства,16583.1,3.420748711589362,4847.79836174961,6731.077248461862
2009,"Производство пищевых продуктов, включая напитки, и табака",,3.420748711589362,,
2009,Текстильное и швейное производство,9020.5,3.420748711589362,2636.995804292464,3457.1759857227594
2009,"Производство кожи, изделий из кожи и производство обуви",,3.420748711589362,,
2009,Обработка древесины и производство изделий из дерева,10947.2,3.420748711589362,3200.235072196715,4949.271284796222
2009,Целлюлозно-бумажное производство; издательская и полиграфическая деятельность,17707.1,3.420748711589362,5176.381398612836,7788.037374488726
2009,Производство кокса и нефтепродуктов,37963.7,3.420748711589362,11098.06747025307,13991.203736095491
2009,Химическое производство,19428.7,3.420748711589362,5679.66303229943,7839.263228738815
2009,Производство резиновых и пластмассовых изделий,,3.420748711589362,,
2009,Производство прочих неметаллических минеральных продуктов,16053.7,3.420748711589362,4693.036920721683,6209.71188742761
2009,Металлургическое производство и производство готовых металлических изделий,,3.420748711589362,,
2009,Производство машин и оборудования,17009.6,3.420748711589362,4972.478668886769,5621.468327789074
2009,"Производство электрооборудования, электронного и оптического оборудования",17360.4,3.420748711589362,5075.029317758317,5702.006754193382
2009,Производство транспортных средств и оборудования,17367.8,3.420748711589362,5077.19258686222,6984.076050841475
2009,Прочие производства,12543.1,3.420748711589362,3666.7703644832113,5843.1624414602975
2009,"Производство и распределение электроэнергии, газа и воды",21554.2,3.420748711589362,6301.018232346392,8983.022718911665
2009,Строительство,18122.2,3.420748711589362,5297.729101995333,7512.556113854907
2009,"Оптовая и розничная торговля; ремонт автотранспортных средств, мотоциклов, бытовых изделий и предметов личного пользования",15958.6,3.420748711589362,4665.235989399892,4509.29811440378
2009,Гостиницы и рестораны,12469.6,3.420748711589362,3645.2838402755183,4667.244498341559
2009,Транспорт и связь,22400.5,3.420748711589362,6548.420211080688,9164.30532534115
2009,Из них связь,20923.1,3.420748711589362,6116.526457822921,8193.859975381107
2009,Финансовая деятельность,42372.9,3.420748711589362,12387.025055784508,14890.217478184575
2009,"Операции с недвижимым имуществом, аренда и предоставление услуг",22609.7,3.420748711589362,6609.576413315374,6991.475340899821
2009,Государственное управление и обеспечение военной безопасности; социальное страхование,23960.0,3.420748711589362,7004.314558045279,7718.313295092769
2009,Образование,13293.6,3.420748711589362,3886.1667783318335,3529.4613578312205
2009,Здравоохранение и предоставление социальных услуг,14819.5,3.420748711589362,4332.238714230051,3794.412859535854
2009,"Предоставление прочих коммунальных, социальных и персональных услуг",15070.0,3.420748711589362,4405.468296733821,4405.423465507764
2009,"Производство лекарственных средств и материалов, применяемых в медицинских целях",,3.420748711589362,,
2009,"Деятельность профессиональная,научная и техническая",,3.420748711589362,,
2009,Деятельность административная и сопутствующие дополнительные услуги,,3.420748711589362,,
2010,"Сельское хозяйство, охота и лесное хозяйство",10668.1,3.7210904484669083,2866.928430722576,3049.6224632152675
2010,"Рыболовство, рыбоводство",23781.9,3.7210904484669083,6391.110436403974,8809.263710613506
2010,Добыча топливно-энергетических полезных ископаемых,,3.7210904484669083,,
2010,"Добыча полезных ископаемых, кроме топливно-энергетических",39895.0,3.7210904484669083,10721.319611146986,18389.368953396945
2010,Обрабатывающие производства,19078.0,3.7210904484669083,5126.991741858935,7322.065830876814
2010,"Производство пищевых продуктов, включая напитки, и табака",,3.7210904484669083,,
2010,Текстильное и швейное производство,10302.1,3.7210904484669083,2768.570165835252,3760.7160372692183
2010,"Производство кожи, изделий из кожи и производство обуви",,3.7210904484669083,,
2010,Обработка древесины и производство изделий из дерева,12720.4,3.7210904484669083,3418.4603078489567,5383.817303601331
2010,Целлюлозно-бумажное производство; издательская и полиграфическая деятельность,20104.3,3.7210904484669083,5402.797991186423,8471.827055968837
2010,Производство кокса и нефтепродуктов,41563.4,3.7210904484669083,11169.68280551314,15219.631424124678
2010,Химическое производство,22228.7,3.7210904484669083,5973.70590901875,8527.550540222084
2010,Производство резиновых и пластмассовых изделий,,3.7210904484669083,,
2010,Производство прочих неметаллических минеральных продуктов,18117.5,3.7210904484669083,4868.868481136873,6754.924591143756
2010,Металлургическое производство и производство готовых металлических изделий,,3.7210904484669083,,
2010,Производство машин и оборудования,20102.5,3.7210904484669083,5402.3142620148465,6115.033246968956
2010,"Производство электрооборудования, электронного и оптического оборудования",20177.8,3.7210904484669083,5422.550265692485,6202.642947211562
2010,Производство транспортных средств и оборудования,20766.4,3.7210904484669083,5580.729704798166,7597.277928105357
2010,Прочие производства,13674.2,3.7210904484669083,3674.7830210990383,6356.192103820512
2010,"Производство и распределение электроэнергии, газа и воды",24156.4,3.7210904484669083,6491.752977934856,9771.73211363211
2010,Строительство,21171.7,3.7210904484669083,5689.649389931587,8172.15854065137
2010,"Оптовая и розничная торговля; ремонт автотранспортных средств, мотоциклов, бытовых изделий и предметов личного пользования",18405.9,3.7210904484669083,4946.372643960655,4905.214488848433
2010,Гостиницы и рестораны,13465.8,3.7210904484669083,3618.777932567567,5077.028565295948
2010,Транспорт и связь,25589.9,3.7210904484669083,6876.98951541021,9968.931332906104
2010,Из них связь,24275.0,3.7210904484669083,6523.625355573207,8913.280881219569
2010,Финансовая деятельность,50120.0,3.7210904484669083,13469.170044133023,16197.578572769184
2010,"Операции с недвижимым имуществом, аренда и предоставление услуг",25623.4,3.7210904484669083,6885.992252770115,7605.326875830827
2010,Государственное управление и обеспечение военной безопасности; социальное страхование,25120.8,3.7210904484669083,6750.924318528669,8395.981202401916
2010,Образование,14075.2,3.7210904484669083,3782.5471309892487,3839.3480650488023
2010,Здравоохранение и предоставление социальных услуг,15723.8,3.7210904484669083,4225.589304468053,4127.562308603102
2010,"Предоставление прочих коммунальных, социальных и персональных услуг",16371.4,3.7210904484669083,4399.624310864313,4792.219645779346
2010,"Производство лекарственных средств и материалов, применяемых в медицинских целях",,3.7210904484669083,,
2010,"Деятельность профессиональная,научная и техническая",,3.7210904484669083,,
2010,Деятельность административная и сопутствующие дополнительные услуги,,3.7210904484669083,,
2011,"Сельское хозяйство, охота и лесное хозяйство",12464.0,3.9480769658233896,3156.979995044391,3235.649433471399
2011,"Рыболовство, рыбоводство",25939.9,3.9480769658233896,6570.261984391207,9346.62879696093
2011,Добыча топливно-энергетических полезных ископаемых,,3.9480769658233896,,
2011,"Добыча полезных ископаемых, кроме топливно-энергетических",45132.0,3.9480769658233896,11431.388088602653,19511.12045955416
2011,Обрабатывающие производства,21780.8,3.9480769658233896,5516.8124098253265,7768.711846560301
2011,"Производство пищевых продуктов, включая напитки, и табака",,3.9480769658233896,,
2011,Текстильное и швейное производство,11004.4,3.9480769658233896,2787.2810219405087,3990.1197155426407
2011,"Производство кожи, изделий из кожи и производство обуви",,3.9480769658233896,,
2011,Обработка древесины и производство изделий из дерева,13941.9,3.9480769658233896,3531.314136144849,5712.230159121013
2011,Целлюлозно-бумажное производство; издательская и полиграфическая деятельность,23710.2,3.9480769658233896,6005.5060236281715,8988.608506382936
2011,Производство кокса и нефтепродуктов,48462.6,3.9480769658233896,12274.988663979326,16148.028940996284
2011,Химическое производство,25582.7,3.9480769658233896,6479.7875577039595,9047.731123175632
2011,Производство резиновых и пластмассовых изделий,,3.9480769658233896,,
2011,Производство прочих неметаллических минеральных продуктов,20518.0,3.9480769658233896,5196.960489274777,7166.974991203525
2011,Металлургическое производство и производство готовых металлических изделий,,3.9480769658233896,,
2011,Производство машин и оборудования,22777.9,3.9480769658233896,5769.365743671506,6488.050275034062
2011,"Производство электрооборудования, электронного и оптического оборудования",23375.3,3.9480769658233896,5920.679916412159,6581.004166991467
2011,Производство транспортных средств и оборудования,24503.1,3.9480769658233896,6206.337974692893,8060.711881719784
2011,Прочие производства,15573.3,3.9480769658233896,3944.5279650854313,6743.9198221535635
2011,"Производство и распределение электроэнергии, газа и воды",26965.5,3.9480769658233896,6830.034022494347,10367.807772563669
2011,Строительство,23682.0,3.9480769658233896,5998.363305731809,8670.660211631102
2011,"Оптовая и розничная торговля; ремонт автотранспортных средств, мотоциклов, бытовых изделий и предметов личного пользования",19613.2,3.9480769658233896,4967.785625706407,5204.432572668187
2011,Гостиницы и рестораны,14692.5,3.9480769658233896,3721.432010365029,5386.727307779001
2011,Транспорт и связь,28608.5,3.9480769658233896,7246.185990711447,10577.036144213378
2011,Из них связь,26995.0,3.9480769658233896,6837.506014619973,9456.991014973963
2011,Финансовая деятельность,55788.9,3.9480769658233896,14130.651576181968,17185.630865708103
2011,"Операции с недвижимым имуществом, аренда и предоставление услуг",28239.3,3.9480769658233896,7152.672109600215,8069.251815256507
2011,Государственное управление и обеспечение военной безопасности; социальное страхование,27755.5,3.9480769658233896,7030.131438739939,8908.136055748433
2011,Образование,15809.1,3.9480769658233896,4004.253244516711,4073.548297016779
2011,Здравоохранение и предоставление социальных услуг,17544.5,3.9480769658233896,4443.809011798486,4379.343609427891
2011,"Предоставление прочих коммунальных, социальных и персональных услуг",18200.3,3.9480769658233896,4609.915196069194,5084.545044171887
2011,"Производство лекарственных средств и материалов, применяемых в медицинских целях",,3.9480769658233896,,
2011,"Деятельность профессиональная,научная и техническая",,3.9480769658233896,,
2011,Деятельность административная и сопутствующие дополнительные услуги,,3.9480769658233896,,
2012,"Сельское хозяйство, охота и лесное хозяйство",14129.4,4.207860430174569,3357.858520847808,3448.555166193817
2012,"Рыболовство, рыбоводство",29201.4,4.207860430174569,6939.726372718246,9961.636971800961
2012,Добыча топливно-энергетических полезных ископаемых,,4.207860430174569,,
2012,"Добыча полезных ископаемых, кроме топливно-энергетических",50400.6,4.207860430174569,11977.72617137614,20794.952185792827
2012,Обрабатывающие производства,24511.7,4.207860430174569,5825.2169735066755,8279.893086063968
2012,"Производство пищевых продуктов, включая напитки, и табака",,4.207860430174569,,
2012,Текстильное и швейное производство,12095.4,4.207860430174569,2874.4774691821717,4252.669592825347
2012,"Производство кожи, изделий из кожи и производство обуви",,4.207860430174569,,
2012,Обработка древесины и производство изделий из дерева,15248.3,4.207860430174569,3623.7656293574837,6088.094903591175
2012,Целлюлозно-бумажное производство; издательская и полиграфическая деятельность,26311.6,4.207860430174569,6252.964050641866,9580.058946102934
2012,Производство кокса и нефтепродуктов,59195.0,4.207860430174569,14067.71944609014,17210.56924531384
2012,Химическое производство,28900.5,4.207860430174569,6868.217346933492,9643.07183108059
2012,Производство резиновых и пластмассовых изделий,,4.207860430174569,,
2012,Производство прочих неметаллических минеральных продуктов,23180.4,4.207860430174569,5508.832905619526,7638.561945624718
2012,Металлургическое производство и производство готовых металлических изделий,,4.207860430174569,,
2012,Производство машин и оборудования,25671.0,4.207860430174569,6100.725160918658,6914.963983131303
2012,"Производство электрооборудования, электронного и оптического оборудования",26353.8,4.207860430174569,6262.992900386355,7014.034241179506
2012,Производство транспортных средств и оборудования,27659.5,4.207860430174569,6573.293116295805,8591.106723536946
2012,Прочие производства,17146.0,4.207860430174569,4074.7549222512293,7187.669746451269
2012,"Производство и распределение электроэнергии, газа и воды",29437.1,4.207860430174569,6995.740587997297,11050.00952399836
2012,Строительство,25950.6,4.207860430174569,6167.172231737592,9241.18965355643
2012,"Оптовая и розничная торговля; ремонт автотранспортных средств, мотоциклов, бытовых изделий и предметов личного пользования",21633.8,4.207860430174569,5141.282691998054,5546.884235949755
2012,Гостиницы и рестораны,16631.1,4.207860430174569,3952.388696340395,5741.17396463086
2012,Транспорт и связь,31444.1,4.207860430174569,7472.705077030204,11273.005122502618
2012,Из них связь,28700.9,4.207860430174569,6820.782313544868,10079.26102375925
2012,Финансовая деятельность,58999.2,4.207860430174569,14021.187484479453,18316.445376671698
2012,"Операции с недвижимым имуществом, аренда и предоставление услуг",30925.8,4.207860430174569,7349.530839528582,8600.208584700385
2012,Государственное управление и обеспечение военной безопасности; социальное страхование,35701.4,4.207860430174569,8484.45441393095,9494.291408216679
2012,Образование,18995.3,4.207860430174569,4514.241932499637,4341.587774960483
2012,Здравоохранение и предоставление социальных услуг,20640.7,4.207860430174569,4905.272012347542,4667.504418928247
2012,"Предоставление прочих коммунальных, социальных и персональных услуг",20984.5,4.207860430174569,4986.9762432043,5419.108108078397
2012,"Производство лекарственных средств и материалов, применяемых в медицинских целях",,4.207860430174569,,
2012,"Деятельность профессиональная,научная и техническая",,4.207860430174569,,
2012,Деятельность административная и сопутствующие дополнительные услуги,,4.207860430174569,,
2013,"Сельское хозяйство, охота и лесное хозяйство",15724.0,4.479267427920829,3510.3954503780797,3670.9869744133184
2013,"Рыболовство, рыбоводство",32437.3,4.479267427920829,7241.652909091127,10604.162556482122
2013,Добыча топливно-энергетических полезных ископаемых,,4.479267427920829,,
2013,"Добыча полезных ископаемых, кроме топливно-энергетических",54161.2,4.479267427920829,12091.530785233861,22136.226601776463
2013,Обрабатывающие производства,27044.5,4.479267427920829,6037.706039032688,8813.946190115095
2013,"Производство пищевых продуктов, включая напитки, и табака",,4.479267427920829,,
2013,Текстильное и швейное производство,13488.5,4.479267427920829,3011.318305292847,4526.966781562582
2013,"Производство кожи, изделий из кожи и производство обуви",,4.479267427920829,,
2013,Обработка древесины и производство изделий из дерева,16949.7,4.479267427920829,3784.033945896295,6480.777024872807
2013,Целлюлозно-бумажное производство; издательская и полиграфическая деятельность,28504.9,4.479267427920829,6363.741495388077,10197.972748126573
2013,Производство кокса и нефтепродуктов,64760.1,4.479267427920829,14457.743602520317,18320.650961636584
2013,Химическое производство,32513.5,4.479267427920829,7258.664619426844,10265.049964185288
2013,Производство резиновых и пластмассовых изделий,,4.479267427920829,,
2013,Производство прочих неметаллических минеральных продуктов,25458.3,4.479267427920829,5683.585633067938,8131.249191117512
2013,Металлургическое производство и производство готовых металлических изделий,,4.479267427920829,,
2013,Производство машин и оборудования,28230.7,4.479267427920829,6302.526128274514,7360.979160043273
2013,"Производство электрооборудования, электронного и оптического оборудования",29354.1,4.479267427920829,6553.326067790841,7466.439449735584
2013,Производство транспортных средств и оборудования,30724.4,4.479267427920829,6859.246627804393,9145.23310720508
2013,Прочие производства,18736.3,4.479267427920829,4182.893810539227,7651.274445097376
2013,"Производство и распределение электроэнергии, газа и воды",32230.5,4.479267427920829,7195.4846453453765,11762.735138296253
2013,Строительство,27701.4,4.479267427920829,6184.359484170907,9837.24638621082
2013,"Оптовая и розничная торговля; ремонт автотранспортных средств, мотоциклов, бытовых изделий и предметов личного пользования",23167.8,4.479267427920829,5172.229694433304,5904.6582691685135
2013,Гостиницы и рестораны,18304.4,4.479267427920829,4086.4717935576523,6111.479685349551
2013,Транспорт и связь,34575.7,4.479267427920829,7719.05240229187,12000.113952904037
2013,Из них связь,31346.4,4.479267427920829,6998.108620308538,10729.373359791722
2013,Финансовая деятельность,63333.0,4.479267427920829,14139.142397532112,19497.856103467024
2013,"Операции с недвижимым имуществом, аренда и предоставление услуг",33846.3,4.479267427920829,7556.213274747622,9154.92203841356
2013,Государственное управление и обеспечение военной безопасности; социальное страхование,40448.7,4.479267427920829,9030.204302576178,10106.673204046656
2013,Образование,23457.9,4.479267427920829,5236.994749136604,4621.620186445434
2013,Здравоохранение и предоставление социальных услуг,24438.6,4.479267427920829,5455.936800662028,4968.558453949119
2013,"Предоставление прочих коммунальных, социальных и персональных услуг",24739.9,4.479267427920829,5523.2022642335705,5768.640581049453
2013,"Производство лекарственных средств и материалов, применяемых в медицинских целях",,4.479267427920829,,
2013,"Деятельность профессиональная,научная и техническая",,4.479267427920829,,
2013,Деятельность административная и сопутствующие дополнительные услуги,,4.479267427920829,,
2014,"Сельское хозяйство, охота и лесное хозяйство",17724.0,4.988112207732635,3553.248054950334,4088.011094706671
2014,"Рыболовство, рыбоводство",37062.0,4.988112207732635,7430.065414836903,11808.795422898489
2014,Добыча топливно-энергетических полезных ископаемых,,4.988112207732635,,
2014,"Добыча полезных ископаемых, кроме топливно-энергетических",58959.0,4.988112207732635,11819.902509129808,24650.901943738263
2014,Обрабатывающие производства,29511.0,4.988112207732635,5916.266268880575,9815.210477312168
2014,"Производство пищевых продуктов, включая напитки, и табака",,4.988112207732635,,
2014,Текстильное и швейное производство,14453.0,4.988112207732635,2897.4889493453607,5041.23020794809
2014,"Производство кожи, изделий из кожи и производство обуви",,4.988112207732635,,
2014,Обработка древесины и производство изделий из дерева,18628.0,4.988112207732635,3734.4789419778162,7216.993294898356
2014,Целлюлозно-бумажное производство; издательская и полиграфическая деятельность,29222.0,4.988112207732635,5858.328518492363,11356.46245231375
2014,Производство кокса и нефтепродуктов,75517.0,4.988112207732635,15139.39479607788,20401.876910878495
2014,Химическое производство,36218.0,4.988112207732635,7260.863126505935,11431.159640116733
2014,Производство резиновых и пластмассовых изделий,,4.988112207732635,,
2014,Производство прочих неметаллических минеральных продуктов,27335.0,4.988112207732635,5480.029089486988,9054.95909922846
2014,Металлургическое производство и производство готовых металлических изделий,,4.988112207732635,,
2014,Производство машин и оборудования,30268.0,4.988112207732635,6068.027089101597,8197.186392624188
2014,"Производство электрооборудования, электронного и оптического оборудования",32779.0,4.988112207732635,6571.423944550722,8314.626971225545
2014,Производство транспортных средств и оборудования,33736.0,4.988112207732635,6763.280093760125,10184.131588183576
2014,Прочие производства,19711.0,4.988112207732635,3951.5951484499,8520.459222060435
2014,"Производство и распределение электроэнергии, газа и воды",34808.0,4.988112207732635,6978.1910571378485,13098.981850006707
2014,Строительство,29354.0,4.988112207732635,5884.791435624696,10954.757575684367
2014,"Оптовая и розничная торговля; ремонт автотранспортных средств, мотоциклов, бытовых изделий и предметов личного пользования",25601.0,4.988112207732635,5132.402587157724,6575.4274485460555
2014,Гостиницы и рестораны,19759.0,4.988112207732635,3961.2180274071115,6805.743777605258
2014,Транспорт и связь,37011.0,4.988112207732635,7419.841105944866,13363.326897953933
2014,Из них связь,33705.0,4.988112207732635,6757.0653177669265,11948.23017346406
2014,Финансовая деятельность,68565.0,4.988112207732635,13745.681160441754,21712.812556820874
2014,"Операции с недвижимым имуществом, аренда и предоставление услуг",37559.0,4.988112207732635,7529.702307373031,10194.921181977339
2014,Государственное управление и обеспечение военной безопасности; социальное страхование,42659.0,4.988112207732635,8552.133196576748,11254.791280026355
2014,Образование,25862.0,4.988112207732635,5184.7269914875615,5146.636239625635
2014,Здравоохранение и предоставление социальных услуг,27068.0,4.988112207732635,5426.501825287499,5532.9866943177385
2014,"Предоставление прочих коммунальных, социальных и персональных услуг",27876.0,4.988112207732635,5588.486954400559,6423.95815105667
2014,"Производство лекарственных средств и материалов, применяемых в медицинских целях",,4.988112207732635,,
2014,"Деятельность профессиональная,научная и техническая",,4.988112207732635,,
2014,Деятельность административная и сопутствующие дополнительные услуги,,4.988112207732635,,
2015,"Сельское хозяйство, охота и лесное хозяйство",19721.0,5.632077493750918,3501.549831635213,4615.773327033303
2015,"Рыболовство, рыбоводство",46676.0,5.632077493750918,8287.52801284951,13333.310911994686
2015,Добыча топливно-энергетических полезных ископаемых,,5.632077493750918,,
2015,"Добыча полезных ископаемых, кроме топливно-энергетических",63695.0,5.632077493750918,11309.325922925049,27833.33338467488
2015,Обрабатывающие производства,31910.0,5.632077493750918,5665.760109907188,11082.354149933171
2015,"Производство пищевых продуктов, включая напитки, и табака",,5.632077493750918,,
2015,Текстильное и швейное производство,15758.0,5.632077493750918,2797.901843056016,5692.053027794189
2015,"Производство кожи, изделий из кожи и производство обуви",,5.632077493750918,,
2015,Обработка древесины и производство изделий из дерева,20365.0,5.632077493750918,3615.8948492090217,8148.707129269736
2015,Целлюлозно-бумажное производство; издательская и полиграфическая деятельность,30148.0,5.632077493750918,5352.909300955246,12822.581754907456
2015,Производство кокса и нефтепродуктов,81605.0,5.632077493750918,14489.324781227704,23035.759220072912
2015,Химическое производство,39342.0,5.632077493750918,6985.344225758965,12906.922349655806
2015,Производство резиновых и пластмассовых изделий,,5.632077493750918,,
2015,Производство прочих неметаллических минеральных продуктов,28051.0,5.632077493750918,4980.57777633991,10223.954318938855
2015,Металлургическое производство и производство готовых металлических изделий,,5.632077493750918,,
2015,Производство машин и оборудования,32246.0,5.632077493750918,5725.418379945697,9255.443155911971
2015,"Производство электрооборудования, электронного и оптического оборудования",36765.0,5.632077493750918,6527.786601088616,9388.045313210765
2015,Производство транспортных средств и оборудования,36139.0,5.632077493750918,6416.637562266871,11498.902976218076
2015,Прочие производства,21533.0,5.632077493750918,3823.2783593428853,9620.45050762844
2015,"Производство и распределение электроэнергии, газа и воды",36865.0,5.632077493750918,6545.542038600078,14790.060406842575
2015,Строительство,29960.0,5.632077493750918,5319.529078433699,12369.016778705221
2015,"Оптовая и розничная торговля; ремонт автотранспортных средств, мотоциклов, бытовых изделий и предметов личного пользования",26947.0,5.632077493750918,4784.557746213381,7424.315132153353
2015,Гостиницы и рестораны,20626.0,5.632077493750918,3662.2365411139344,7684.365299294098
2015,Транспорт и связь,38982.0,5.632077493750918,6921.424650717706,15088.53240047979
2015,Из них связь,34958.0,5.632077493750918,6206.945845256518,13490.746688858273
2015,Финансовая деятельность,70088.0,5.632077493750918,12444.431043032748,24515.93665790645
2015,"Операции с недвижимым имуществом, аренда и предоставление услуг",39815.0,5.632077493750918,7069.327445188175,11511.085506570616
2015,Государственное управление и обеспечение военной безопасности; социальное страхование,41916.0,5.632077493750918,7442.36918730397,12707.784834277758
2015,Образование,26928.0,5.632077493750918,4781.184213086203,5811.066978161306
2015,Здравоохранение и предоставление социальных услуг,28179.0,5.632077493750918,5003.30473635458,6247.2952765541595
2015,"Предоставление прочих коммунальных, социальных и персональных услуг",30072.0,5.632077493750918,5339.415168446535,7253.291148358088
2015,"Производство лекарственных средств и материалов, применяемых в медицинских целях",,5.632077493750918,,
2015,"Деятельность профессиональная,научная и техническая",,5.632077493750918,,
2015,Деятельность административная и сопутствующие дополнительные услуги,,5.632077493750918,,
2016,"Сельское хозяйство, охота и лесное хозяйство",21755.0,5.935083262914718,3665.4919630084723,4864.101932027695
2016,"Рыболовство, рыбоводство",54927.0,5.935083262914718,9254.630064452602,14050.643039060002
2016,Добыча топливно-энергетических полезных ископаемых,,5.935083262914718,,
2016,"Добыча полезных ископаемых, кроме топливно-энергетических",69936.0,5.935083262914718,11783.49096414436,29330.76672077039
2016,Обрабатывающие производства,34592.0,5.935083262914718,5828.393380114414,11678.584803199577
2016,"Производство пищевых продуктов, включая напитки, и табака",,5.935083262914718,,
2016,Текстильное и швейное производство,17065.0,5.935083262914718,2875.2755848650695,5998.2854806895175
2016,"Производство кожи, изделий из кожи и производство обуви",,5.935083262914718,,
2016,Обработка древесины и производство изделий из дерева,22383.0,5.935083262914718,3771.30345244857,8587.107572824449
2016,Целлюлозно-бумажное производство; издательская и полиграфическая деятельность,32399.0,5.935083262914718,5458.895615238405,13512.43665332148
2016,Производство кокса и нефтепродуктов,88194.0,5.935083262914718,14859.77468101904,24275.08306611284
2016,Химическое производство,43318.0,5.935083262914718,7298.6339165065965,13601.31477206729
2016,Производство резиновых и пластмассовых изделий,,5.935083262914718,,
2016,Производство прочих неметаллических минеральных продуктов,28909.0,5.935083262914718,4870.8667965346785,10774.003061297766
2016,Металлургическое производство и производство готовых металлических изделий,,5.935083262914718,,
2016,Производство машин и оборудования,35469.0,5.935083262914718,5976.158788138245,9753.385997700036
2016,"Производство электрооборудования, электронного и оптического оборудования",39998.0,5.935083262914718,6739.248335390158,9893.122151061505
2016,Производство транспортных средств и оборудования,39603.0,5.935083262914718,6672.694930407931,12117.54395633861
2016,Прочие производства,21941.0,5.935083262914718,3696.8310347216225,10138.030744938851
2016,"Производство и распределение электроэнергии, газа и воды",39629.0,5.935083262914718,6677.075660862457,15585.765656730706
2016,Строительство,32332.0,5.935083262914718,5447.606809836357,13034.469881399564
2016,"Оптовая и розничная торговля; ремонт автотранспортных средств, мотоциклов, бытовых изделий и предметов личного пользования",30030.0,5.935083262914718,5059.74367497791,7823.743286263204
2016,Гостиницы и рестораны,22041.0,5.935083262914718,3713.679998008262,8097.7841523961215
2016,Транспорт и связь,41510.0,5.935083262914718,6994.00466028415,15900.295443625604
2016,Из них связь,37984.0,5.935083262914718,6399.9102147972335,14216.548860718849
2016,Финансовая деятельность,80289.0,5.935083262914718,13527.86413321017,25834.894050101822
2016,"Операции с недвижимым имуществом, аренда и предоставление услуг",43737.0,5.935083262914718,7369.231072677617,12130.381906824116
2016,Государственное управление и обеспечение военной безопасности; социальное страхование,43611.0,5.935083262914718,7348.001378936451,13391.463658361903
2016,Образование,28088.0,5.935083262914718,4732.536807951366,6123.702381586384
2016,Здравоохранение и предоставление социальных услуг,29742.0,5.935083262914718,5011.218660712388,6583.399762432774
2016,"Предоставление прочих коммунальных, социальных и персональных услуг",32197.0,5.935083262914718,5424.860709399392,7643.518212139754
2016,"Производство лекарственных средств и материалов, применяемых в медицинских целях",,5.935083262914718,,
2016,"Деятельность профессиональная,научная и техническая",,5.935083262914718,,
2016,Деятельность административная и сопутствующие дополнительные услуги,,5.935083262914718,,
2017,"Сельское хозяйство, охота и лесное хозяйство",25572.85,6.084647361140168,4202.848329933133,4986.677300714792
2017,"Рыболовство, рыбоводство",68032.0,6.084647361140168,11180.927334341339,14404.719243644311
2017,Добыча топливно-энергетических полезных ископаемых,78571.65,6.084647361140168,12913.09838295656,78571.65
2017,"Добыча полезных ископаемых, кроме топливно-энергетических",61121.9,6.084647361140168,10045.26579311027,30069.9020421338
2017,Обрабатывающие производства,38501.5,6.084647361140168,6327.646897976585,11972.885140240203
2017,"Производство пищевых продуктов, включая напитки, и табака",54207.23333333333,6.084647361140168,8908.853729064052,54207.23333333333
2017,Текстильное и швейное производство,21334.55,6.084647361140168,3506.2919399822435,6149.442274802892
2017,"Производство кожи, изделий из кожи и производство обуви",20193.0,6.084647361140168,3318.6804101357397,20193.0
2017,Обработка древесины и производство изделий из дерева,25656.5,6.084647361140168,4216.596045295281,8803.502683659623
2017,Целлюлозно-бумажное производство; издательская и полиграфическая деятельность,35264.75,6.084647361140168,5795.693309232622,13852.950056985179
2017,Производство кокса и нефтепродуктов,95956.7,6.084647361140168,15770.29765321013,24886.81515937888
2017,Химическое производство,45893.8,6.084647361140168,7542.557074564831,13944.067904323383
2017,Производство резиновых и пластмассовых изделий,30621.8,6.084647361140168,5032.633476110266,30621.8
2017,Производство прочих неметаллических минеральных продуктов,30904.0,6.084647361140168,5079.012499125187,11045.507938442468
2017,Металлургическое производство и производство готовых металлических изделий,42733.15,6.084647361140168,7023.110373317095,42733.15
2017,Производство машин и оборудования,37471.8,6.084647361140168,6158.417698832488,9999.171324842075
2017,"Производство электрооборудования, электронного и оптического оборудования",41607.15,6.084647361140168,6838.054455830202,10142.428829268254
2017,Производство транспортных средств и оборудования,41508.9,6.084647361140168,6821.907258767069,12422.906064038341
2017,Прочие производства,30660.33333333333,6.084647361140168,5038.966354754873,10393.509119711309
2017,"Производство и распределение электроэнергии, газа и воды",36864.45,6.084647361140168,6058.600903552146,15978.526951280317
2017,Строительство,33677.9,6.084647361140168,5534.897587506088,13362.93852241083
2017,"Оптовая и розничная торговля; ремонт автотранспортных средств, мотоциклов, бытовых изделий и предметов личного пользования",32092.5,6.084647361140168,5274.340170469036,8020.901617077036
2017,Гостиницы и рестораны,23970.5,6.084647361140168,3939.5052132500746,8301.848313036502
2017,Транспорт и связь,51389.0,6.084647361140168,8445.682543280618,16300.982888804965
2017,Из них связь,,6.084647361140168,,14574.80589200896
2017,Финансовая деятельность,84904.0,6.084647361140168,13953.80783153394,26485.933380164384
2017,"Операции с недвижимым имуществом, аренда и предоставление услуг",30208.1,6.084647361140168,4964.642682980312,12436.067530876082
2017,Государственное управление и обеспечение военной безопасности; социальное страхование,43499.7,6.084647361140168,7149.0913800218705,13728.928542552621
2017,Образование,30257.6,6.084647361140168,4972.77791203502,6278.01968160236
2017,Здравоохранение и предоставление социальных услуг,31980.3,6.084647361140168,5255.90031794503,6749.301436446079
2017,"Предоставление прочих коммунальных, социальных и персональных услуг",38200.1,6.084647361140168,6278.112392176808,7836.134871085675
2017,"Производство лекарственных средств и материалов, применяемых в медицинских целях",54261.5,6.084647361140168,8917.77235054625,54261.5
2017,"Деятельность профессиональная,научная и техническая",57178.8,6.084647361140168,9397.22495097655,57178.8
2017,Деятельность административная и сопутствующие дополнительные услуги,27621.5,6.084647361140168,4539.539986557933,27621.5
2018,"Сельское хозяйство, охота и лесное хозяйство",29260.5,6.344461803460852,4611.975121993584,5199.608421455313
2018,"Рыболовство, рыбоводство",75766.0,6.344461803460852,11942.068901521365,15019.80075534792
2018,Добыча топливно-энергетических полезных ископаемых,93605.0,6.344461803460852,14753.812521802753,81926.65945499999
2018,"Добыча полезных ископаемых, кроме топливно-энергетических",70721.0,6.344461803460852,11146.88718929985,31353.886859332906
2018,Обрабатывающие производства,40722.0,6.344461803460852,6418.511335001887,12484.127335728459
2018,"Производство пищевых продуктов, включая напитки, и табака",57667.66666666666,6.344461803460852,9089.449736336881,56521.88219666666
2018,Текстильное и швейное производство,22499.0,6.344461803460852,3546.242486277871,6412.023459936974
2018,"Производство кожи, изделий из кожи и производство обуви",23576.0,6.344461803460852,3715.9968379255565,21055.2411
2018,Обработка древесины и производство изделий из дерева,26177.0,6.344461803460852,4125.960689954924,9179.412248251887
2018,Целлюлозно-бумажное производство; издательская и полиграфическая деятельность,38154.5,6.344461803460852,6013.82767868301,14444.471024418443
2018,Производство кокса и нефтепродуктов,87591.0,6.344461803460852,13805.899178433043,25949.48216668435
2018,Химическое производство,49159.0,6.344461803460852,7748.332565133289,14539.47960383799
2018,Производство резиновых и пластмассовых изделий,33581.0,6.344461803460852,5292.962750864358,31929.35086
2018,Производство прочих неметаллических минеральных продуктов,34301.0,6.344461803460852,5406.447554194287,11517.15112741396
2018,Металлургическое производство и производство готовых металлических изделий,44206.5,6.344461803460852,6967.730497784022,44557.855505
2018,Производство машин и оборудования,40036.0,6.344461803460852,6310.38553627365,10426.135940412829
2018,"Производство электрооборудования, электронного и оптического оборудования",46242.0,6.344461803460852,7288.561493864675,10575.510540278006
2018,Производство транспортных средств и оборудования,45024.0,6.344461803460852,7096.583034898212,12953.364152972776
2018,Прочие производства,34531.333333333336,6.344461803460852,5442.752183407704,10837.311959122979
2018,"Производство и распределение электроэнергии, газа и воды",39534.0,6.344461803460852,6231.261409507505,16660.810052099983
2018,Строительство,38518.0,6.344461803460852,6071.121742586383,13933.53599731777
2018,"Оптовая и розничная торговля; ремонт автотранспортных средств, мотоциклов, бытовых изделий и предметов личного пользования",35444.0,6.344461803460852,5586.604679480549,8363.394116126223
2018,Гостиницы и рестораны,26241.0,6.344461803460852,4136.048228028695,8656.337236003159
2018,Транспорт и связь,57032.0,6.344461803460852,8989.257365989579,16997.034858156934
2018,Из них связь,,6.344461803460852,,15197.150103597742
2018,Финансовая деятельность,91070.0,6.344461803460852,14354.251443411962,27616.882735497395
2018,"Операции с недвижимым имуществом, аренда и предоставление услуг",33101.0,6.344461803460852,5217.306215311072,12967.087614444488
2018,Государственное управление и обеспечение военной безопасности; социальное страхование,47803.0,6.344461803460852,7534.602852195257,14315.153791319615
2018,Образование,34361.0,6.344461803460852,5415.9046211384475,6546.09112200678
2018,Здравоохранение и предоставление социальных услуг,40027.0,6.344461803460852,6308.966976232026,7037.496607782325
2018,"Предоставление прочих коммунальных, социальных и персональных услуг",44439.0,6.344461803460852,7004.376632192645,8170.7378300810315
2018,"Производство лекарственных средств и материалов, применяемых в медицинских целях",57644.0,6.344461803460852,9085.719448820018,56578.466049999995
2018,"Деятельность профессиональная,научная и техническая",66264.0,6.344461803460852,10444.38473313111,59620.33476
2018,Деятельность административная и сопутствующие дополнительные услуги,31706.0,6.344461803460852,4997.429408859335,28800.93805
2019,"Сельское хозяйство, охота и лесное хозяйство",31911.0,6.537967888466408,4880.874385494309,5358.1964783097
2019,"Рыболовство, рыбоводство",88603.8,6.537967888466408,13552.192594323607,15477.904678386032
2019,Добыча топливно-энергетических полезных ископаемых,99358.25,6.537967888466408,15197.115020292058,84425.42256837749
2019,"Добыча полезных ископаемых, кроме топливно-энергетических",78519.9,6.537967888466408,12009.83261764202,32310.18040854256
2019,Обрабатывающие производства,43855.0,6.537967888466408,6707.741724667133,12864.893219468177
2019,"Производство пищевых продуктов, включая напитки, и табака",60820.26666666666,6.537967888466408,9302.62547999958,58245.79960366499
2019,Текстильное и швейное производство,23765.550000000003,6.537967888466408,3635.0056172537456,6607.590175465052
2019,"Производство кожи, изделий из кожи и производство обуви",25680.3,6.537967888466408,3927.8718461285916,21697.42595355
2019,Обработка древесины и производство изделий из дерева,29398.9,6.537967888466408,4496.641846752174,9459.384321823569
2019,Целлюлозно-бумажное производство; издательская и полиграфическая деятельность,40901.9,6.537967888466408,6256.057034503765,14885.027390663205
2019,Производство кокса и нефтепродуктов,81685.2,6.537967888466408,12493.973875904223,26740.941372768222
2019,Химическое производство,54331.6,6.537967888466408,8310.166236185722,14982.933731755049
2019,Производство резиновых и пластмассовых изделий,35623.4,6.537967888466408,5448.696079227161,32903.196061229995
2019,Производство прочих неметаллических минеральных продуктов,37986.6,6.537967888466408,5810.1539573193595,11868.424236800085
2019,Металлургическое производство и производство готовых металлических изделий,47477.8,6.537967888466408,7261.858854301704,45916.8700979025
2019,Производство машин и оборудования,44128.1,6.537967888466408,6749.5131136765185,10744.13308659542
2019,"Производство электрооборудования, электронного и оптического оборудования",48820.9,6.537967888466408,7467.28965832406,10898.063611756485
2019,Производство транспортных средств и оборудования,48518.850000000006,6.537967888466408,7421.090287945866,13348.441759638446
2019,Прочие производства,37268.6,6.537967888466408,5700.333901263927,11167.84997387623
2019,"Производство и распределение электроэнергии, газа и воды",42449.7,6.537967888466408,6492.797261192621,17168.96475868903
2019,Строительство,42629.9,6.537967888466408,6520.359342113497,14358.508845235961
2019,"Оптовая и розничная торговля; ремонт автотранспортных средств, мотоциклов, бытовых изделий и предметов личного пользования",40137.0,6.537967888466408,6139.063495678138,8618.477636668073
2019,Гостиницы и рестораны,28191.4,6.537967888466408,4311.951432146415,8920.355521701256
2019,Транспорт и связь,63529.2,6.537967888466408,9716.9642133103,17515.44442133072
2019,Из них связь,,6.537967888466408,,15660.663181757473
2019,Финансовая деятельность,103667.8,6.537967888466408,15856.272433347336,28459.19765893007
2019,"Операции с недвижимым имуществом, аренда и предоставление услуг",36859.4,6.537967888466408,5637.74564647579,13362.583786685045
2019,Государственное управление и обеспечение военной безопасности; социальное страхование,50990.5,6.537967888466408,7799.135888989613,14751.765981954863
2019,Образование,37071.9,6.537967888466408,5670.2481003919165,6745.746901227986
2019,Здравоохранение и предоставление социальных услуг,43122.1,6.537967888466408,6595.6426730194635,7252.1402543196855
2019,"Предоставление прочих коммунальных, социальных и персональных услуг",46990.4,6.537967888466408,7187.309696472431,8419.945333898502
2019,"Производство лекарственных средств и материалов, применяемых в медицинских целях",61588.9,6.537967888466408,9420.190042329305,58304.109264524996
2019,"Деятельность профессиональная,научная и техническая",75192.8,6.537967888466408,11500.943608586269,61438.75497018
2019,Деятельность административная и сопутствующие дополнительные услуги,34002.4,6.537967888466408,5200.759713118727,29679.366660525
2020,"Сельское хозяйство, охота и лесное хозяйство",34456.5,6.858982111790108,5023.558807767074,5621.283925394705
2020,"Рыболовство, рыбоводство",94983.0,6.858982111790108,13847.973132446417,16237.869798094784
2020,Добыча топливно-энергетических полезных ископаемых,102387.5,6.858982111790108,14927.506491670694,88570.7108164848
2020,"Добыча полезных ископаемых, кроме топливно-энергетических",88154.0,6.858982111790108,12852.34435128056,33896.610266601994
2020,Обрабатывающие производства,46510.0,6.858982111790108,6780.889531706546,13496.559476544062
2020,"Производство пищевых продуктов, включая напитки, и табака",65013.66666666666,6.858982111790108,9478.617323540288,61105.66836420493
2020,Текстильное и швейное производство,25514.0,6.858982111790108,3719.793926294578,6932.022853080385
2020,"Производство кожи, изделий из кожи и производство обуви",26913.0,6.858982111790108,3923.760050888374,22762.769567869298
2020,Обработка древесины и производство изделий из дерева,30864.0,6.858982111790108,4499.793044648265,9923.840092025104
2020,Целлюлозно-бумажное производство; издательская и полиграфическая деятельность,43991.5,6.858982111790108,6413.706769169394,15615.882235544766
2020,Производство кокса и нефтепродуктов,82106.0,6.858982111790108,11970.580861971568,28053.921594171137
2020,Химическое производство,57339.0,6.858982111790108,8359.695223791048,15718.59577798422
2020,Производство резиновых и пластмассовых изделий,39662.0,6.858982111790108,5782.490660213825,34518.742987836384
2020,Производство прочих неметаллических минеральных продуктов,40787.0,6.858982111790108,5946.509166409694,12451.163866826968
2020,Металлургическое производство и производство готовых металлических изделий,50481.0,6.858982111790108,7359.8384100210305,48171.3884197095
2020,Производство машин и оборудования,47499.0,6.858982111790108,6925.080022931181,11271.670021147254
2020,"Производство электрооборудования, электронного и оптического оборудования",51182.5,6.858982111790108,7462.1130607733885,11433.158535093728
2020,Производство транспортных средств и оборудования,50036.5,6.858982111790108,7295.032875795197,14003.850250036692
2020,Прочие производства,39800.0,6.858982111790108,5802.6102636405185,11716.191407593551
2020,"Производство и распределение электроэнергии, газа и воды",44752.0,6.858982111790108,6524.583279357801,18011.96092834066
2020,Строительство,44738.0,6.858982111790108,6522.542160169586,15063.511629537044
2020,"Оптовая и розничная торговля; ремонт автотранспортных средств, мотоциклов, бытовых изделий и предметов личного пользования",41867.0,6.858982111790108,6103.966932357728,9041.644888628474
2020,Гостиницы и рестораны,27411.0,6.858982111790108,3996.365576297745,9358.344977816787
2020,Транспорт и связь,69293.5,6.858982111790108,10102.592319185283,18375.452742418056
2020,Из них связь,,6.858982111790108,,16429.601743981762
2020,Финансовая деятельность,112680.0,6.858982111790108,16428.093580578232,29856.544263983527
2020,"Операции с недвижимым имуществом, аренда и предоставление услуг",37628.0,6.858982111790108,5485.945201011695,14018.686650611278
2020,Государственное управление и обеспечение военной безопасности; социальное страхование,54496.0,6.858982111790108,7945.202234355621,15476.077691668845
2020,Образование,39563.0,6.858982111790108,5768.057031668589,7076.9630740782795
2020,Здравоохранение и предоставление социальных услуг,49532.0,6.858982111790108,7221.479687905582,7608.220340806781
2020,"Предоставление прочих коммунальных, социальных и персональных услуг",48445.0,6.858982111790108,7063.00136236344,8833.364649792918
2020,"Производство лекарственных средств и материалов, применяемых в медицинских целях",71064.0,6.858982111790108,10360.720999380648,61166.84102941316
2020,"Деятельность профессиональная,научная и техническая",80077.0,6.858982111790108,11674.764373908085,64455.397839215824
2020,Деятельность административная и сопутствующие дополнительные услуги,37090.0,6.858982111790108,5407.507906493137,31136.62356355677
2021,"Сельское хозяйство, охота и лесное хозяйство",38806.0,7.4344507109692985,5219.753483971986,6092.909646735322
2021,"Рыболовство, рыбоводство",101547.4,7.4344507109692985,13659.031978000741,17600.22707415494
2021,Добыча топливно-энергетических полезных ископаемых,111580.85,7.4344507109692985,15008.62058784867,96001.79345398789
2021,"Добыча полезных ископаемых, кроме топливно-энергетических",96365.2,7.4344507109692985,12961.97980811362,36740.535867969906
2021,Обрабатывающие производства,52409.6,7.4344507109692985,7049.559145327479,14628.92081662611
2021,"Производство пищевых продуктов, включая напитки, и табака",66965.3,7.4344507109692985,9007.430757620708,66232.43393996173
2021,Текстильное и швейное производство,29084.35,7.4344507109692985,3912.104758067325,7513.61957045383
2021,"Производство кожи, изделий из кожи и производство обуви",31771.2,7.4344507109692985,4273.510072926113,24672.565934613536
2021,Обработка древесины и производство изделий из дерева,36313.8,7.4344507109692985,4884.530332068801,10756.450275746012
2021,Целлюлозно-бумажное производство; издательская и полиграфическая деятельность,50621.7,7.4344507109692985,6809.070631850349,16926.054755106976
2021,Производство кокса и нефтепродуктов,87214.4,7.4344507109692985,11731.115504110867,30407.6456159221
2021,Химическое производство,63701.8,7.4344507109692985,8568.460869074026,17037.385963757097
2021,Производство резиновых и пластмассовых изделий,44817.4,7.4344507109692985,6028.34045746962,37414.86552451586
2021,Производство прочих неметаллических минеральных продуктов,46264.6,7.4344507109692985,6223.001778966405,13495.816515253753
2021,Металлургическое производство и производство готовых металлических изделий,55828.5,7.4344507109692985,7509.4317213814875,52212.96790812313
2021,Производство машин и оборудования,53730.4,7.4344507109692985,7227.218538246879,12217.36313592151
2021,"Производство электрооборудования, электронного и оптического оборудования",57825.9,7.4344507109692985,7778.099855404206,12392.400536188094
2021,Производство транспортных средств и оборудования,56512.600000000006,7.4344507109692985,7601.449279449447,15178.773286014773
2021,Прочие производства,45889.3,7.4344507109692985,6172.520578055858,12699.179866690652
2021,"Производство и распределение электроэнергии, газа и воды",48921.4,7.4344507109692985,6580.3651005202055,19523.164450228447
2021,Строительство,51944.2,7.4344507109692985,6986.958689948399,16327.340255255207
2021,"Оптовая и розничная торговля; ремонт автотранспортных средств, мотоциклов, бытовых изделий и предметов личного пользования",50388.8,7.4344507109692985,6777.743502375086,9800.238894784405
2021,Гостиницы и рестораны,33224.7,7.4344507109692985,4469.018800673195,10143.510121455616
2021,Транспорт и связь,77912.85,7.4344507109692985,10479.973979118866,19917.153227506937
2021,Из них связь,,7.4344507109692985,,17808.045330301833
2021,Финансовая деятельность,130223.3,7.4344507109692985,17516.196564173813,32361.508327731754
2021,"Операции с недвижимым имуществом, аренда и предоставление услуг",43620.3,7.4344507109692985,5867.3198190203375,15194.854460597568
2021,Государственное управление и обеспечение военной безопасности; социальное страхование,58620.3,7.4344507109692985,7884.9537482987935,16774.520609999865
2021,Образование,43390.5,7.4344507109692985,5836.409667223791,7670.720275993449
2021,Здравоохранение и предоставление социальных услуг,50690.1,7.4344507109692985,6818.271042567859,8246.550027400472
2021,"Предоставление прочих коммунальных, социальных и персональных услуг",53340.3,7.4344507109692985,7174.746605192777,9574.483943910545
2021,"Производство лекарственных средств и материалов, применяемых в медицинских целях",79568.2,7.4344507109692985,10702.633334107604,66298.73899178093
2021,"Деятельность профессиональная,научная и техническая",87329.4,7.4344507109692985,11746.584030902002,69863.20571792603
2021,Деятельность административная и сопутствующие дополнительные услуги,39225.1,7.4344507109692985,5276.126175956026,33748.98628053918
2022,"Сельское хозяйство, охота и лесное хозяйство",45160.45,8.32063723571684,5427.5230034240685,6819.184476626172
2022,"Рыболовство, рыбоводство",121726.2,8.32063723571684,14629.432404225354,19698.174141394207
2022,Добыча топливно-энергетических полезных ископаемых,128170.15,8.32063723571684,15403.886309310765,107445.20723370324
2022,"Добыча полезных ископаемых, кроме топливно-энергетических",108316.6,8.32063723571684,13017.825069340175,41120.007743431925
2022,Обрабатывающие производства,60438.7,8.32063723571684,7263.710493297703,16372.688177967944
2022,"Производство пищевых продуктов, включая напитки, и табака",77387.03333333334,8.32063723571684,9300.613780053385,74127.34006560517
2022,Текстильное и швейное производство,33030.55,8.32063723571684,3969.7139851518064,8409.243023251927
2022,"Производство кожи, изделий из кожи и производство обуви",36445.0,8.32063723571684,4380.07318039989,27613.53579401947
2022,Обработка древесины и производство изделий из дерева,40464.4,8.32063723571684,4863.137143667808,12038.619148614938
2022,Целлюлозно-бумажное производство; издательская и полиграфическая деятельность,59375.25,8.32063723571684,7135.901772658486,18943.640481915725
2022,Производство кокса и нефтепродуктов,97720.3,8.32063723571684,11744.328857473763,34032.23697334002
2022,Химическое производство,75282.5,8.32063723571684,9047.68443417354,19068.242370636945
2022,Производство резиновых и пластмассовых изделий,51471.0,8.32063723571684,6185.944482600156,41874.71749503815
2022,Производство прочих неметаллических минеральных продуктов,54046.1,8.32063723571684,6495.427990539455,15104.517843872001
2022,Металлургическое производство и производство готовых металлических изделий,65714.4,8.32063723571684,7897.760488573754,58436.753682771414
2022,Производство машин и оборудования,63377.4,8.32063723571684,7616.892577403648,13673.672821723356
2022,"Производство электрооборудования, электронного и оптического оборудования",66964.55,8.32063723571684,8048.00739449986,13869.574680101714
2022,Производство транспортных средств и оборудования,63414.25,8.32063723571684,7621.321324740669,16988.083061707734
2022,Прочие производства,51865.06666666667,8.32063723571684,6233.304637297818,14212.922106800179
2022,"Производство и распределение электроэнергии, газа и воды",55763.7,8.32063723571684,6701.854487854721,21850.32565269568
2022,Строительство,60849.5,8.32063723571684,7313.081711915024,18273.559213681627
2022,"Оптовая и розничная торговля; ремонт автотранспортных средств, мотоциклов, бытовых изделий и предметов личного пользования",57806.1,8.32063723571684,6947.316456949212,10968.427371042706
2022,Гостиницы и рестораны,37571.7,8.32063723571684,4515.483482289217,11352.616527933125
2022,Транспорт и связь,94093.95,8.32063723571684,11308.502862749023,22291.277892225764
2022,Из них связь,,8.32063723571684,,19930.764333673815
2022,Финансовая деятельность,146637.1,8.32063723571684,17623.301658982484,36219.00012039738
2022,"Операции с недвижимым имуществом, аренда и предоставление услуг",48531.3,8.32063723571684,5832.642215391444,17006.0811123008
2022,Государственное управление и обеспечение военной безопасности; социальное страхование,63505.2,8.32063723571684,7632.251977937468,18774.043466711846
2022,Образование,48400.2,8.32063723571684,5816.886210618485,8585.070132891868
2022,Здравоохранение и предоставление социальных услуг,55419.6,8.32063723571684,6660.499482192062,9229.538790666607
2022,"Предоставление прочих коммунальных, социальных и персональных услуг",57490.6,8.32063723571684,6909.3986880257335,10715.762430024683
2022,"Производство лекарственных средств и материалов, применяемых в медицинских целях",87532.3,8.32063723571684,10519.903406467753,74201.54867960123
2022,"Деятельность профессиональная,научная и техническая",100842.8,8.32063723571684,12119.600595868567,78190.89983950282
2022,Деятельность административная и сопутствующие дополнительные услуги,45067.3,8.32063723571684,5416.327947401178,37771.86544517946
2023,"Сельское хозяйство, охота и лесное хозяйство",51191.600000000006,8.938028518607029,5727.392779451335,7325.167964791834
2023,"Рыболовство, рыбоводство",143135.1,8.938028518607029,16014.169086843245,21159.778662685658
2023,Добыча топливно-энергетических полезных ископаемых,143775.8,8.938028518607029,16085.85156119049,115417.64161044401
2023,"Добыча полезных ископаемых, кроме топливно-энергетических",121607.6,8.938028518607029,13605.6401864057,44171.112317994564
2023,Обрабатывающие производства,71855.1,8.938028518607029,8039.256067533611,17587.541640773165
2023,"Производство пищевых продуктов, включая напитки, и табака",88918.0,8.938028518607029,9948.2788419048,79627.58869847306
2023,Текстильное и швейное производство,40237.100000000006,8.938028518607029,4501.78693391223,9033.208855577219
2023,"Производство кожи, изделий из кожи и производство обуви",44351.2,8.938028518607029,4962.0785957071475,29662.460149935712
2023,Обработка древесины и производство изделий из дерева,45866.7,8.938028518607029,5131.635002564102,12931.884689442166
2023,Целлюлозно-бумажное производство; издательская и полиграфическая деятельность,65422.8,8.938028518607029,7319.600722217879,20349.258605673873
2023,Производство кокса и нефтепродуктов,109466.8,8.938028518607029,12247.309322420931,36557.42895676185
2023,Химическое производство,87872.9,8.938028518607029,9831.35149066349,20483.105954538205
2023,Производство резиновых и пластмассовых изделий,61706.7,8.938028518607029,6903.837895744021,44981.821533169976
2023,Производство прочих неметаллических минеральных продуктов,63601.9,8.938028518607029,7115.8757065492355,16225.273067887301
2023,Металлургическое производство и производство готовых металлических изделий,77939.5,8.938028518607029,8719.987840466938,62772.760806033046
2023,Производство машин и оборудования,75962.8,8.938028518607029,8498.831687755526,14688.259345095228
2023,"Производство электрооборудования, электронного и оптического оборудования",83104.95,8.938028518607029,9297.906112851799,14898.69712136526
2023,Производство транспортных средств и оборудования,77328.8,8.938028518607029,8651.661810993139,18248.598824886445
2023,Прочие производства,60338.16666666666,8.938028518607029,6750.724339383762,15267.52092712475
2023,"Производство и распределение электроэнергии, газа и воды",63572.600000000006,8.938028518607029,7112.597578722835,23471.619816125694
2023,Строительство,71707.0,8.938028518607029,8022.686418008361,19629.4573073368
2023,"Оптовая и розничная торговля; ремонт автотранспортных средств, мотоциклов, бытовых изделий и предметов личного пользования",66225.7,8.938028518607029,7409.430375180893,11782.284681974073
2023,Гостиницы и рестораны,44132.5,8.938028518607029,4937.61011257972,12194.980674305763
2023,Транспорт и связь,106605.4,8.938028518607029,11927.171610391573,23945.29071182891
2023,Из них связь,,8.938028518607029,,21409.62704723241
2023,Финансовая деятельность,170600.2,8.938028518607029,19087.005556633383,38906.44992933086
2023,"Операции с недвижимым имуществом, аренда и предоставление услуг",55442.8,8.938028518607029,6203.023394317905,18267.932330833515
2023,Государственное управление и обеспечение военной безопасности; социальное страхование,73949.3,8.938028518607029,8273.558295999355,20167.077491941865
2023,Образование,54314.8,8.938028518607029,6076.821067076305,9222.082336752444
2023,Здравоохранение и предоставление социальных услуг,61651.1,8.938028518607029,6897.617284578567,9914.37056893407
2023,"Предоставление прочих коммунальных, социальных и персональных услуг",65702.1,8.938028518607029,7350.849223989669,11510.872002332513
2023,"Производство лекарственных средств и материалов, применяемых в медицинских целях",99882.0,8.938028518607029,11174.94756165383,79707.30359162763
2023,"Деятельность профессиональная,научная и техническая",108252.8,8.938028518607029,12111.485186542117,83992.66460759392
2023,Деятельность административная и сопутствующие дополнительные услуги,50573.0,8.938028518607029,5658.182886160861,40574.53786121177
2024,"Сельское хозяйство, охота и лесное хозяйство",61812.95,9.788035030726556,6315.154145439515,8021.791438243537
2024,"Рыболовство, рыбоводство",154237.6,9.788035030726556,15757.769513065494,23172.073613507066
2024,Добыча топливно-энергетических полезных ископаемых,169821.45,9.788035030726556,17349.902147560493,126393.85932759724
2024,"Добыча полезных ископаемых, кроме топливно-энергетических",147835.6,9.788035030726556,15103.705650410438,48371.78509943585
2024,Обрабатывающие производства,87974.7,9.788035030726556,8987.983770371704,19260.116850810693
2024,"Производство пищевых продуктов, включая напитки, и табака",104689.33333333331,9.788035030726556,10695.6435080885,87200.17238369785
2024,Текстильное и швейное производство,48465.2,9.788035030726556,4951.473901335483,9892.267017742613
2024,"Производство кожи, изделий из кожи и производство обуви",51772.7,9.788035030726556,5289.386463930234,32483.360110194597
2024,Обработка древесины и производство изделий из дерева,57732.6,9.788035030726556,5898.2829361323365,14161.706923408115
2024,Целлюлозно-бумажное производство; издательская и полиграфическая деятельность,79364.85,9.788035030726556,8108.353694164173,22284.473099073457
2024,Производство кокса и нефтепродуктов,128955.1,9.788035030726556,13174.768949557774,40034.040450549895
2024,Химическое производство,105835.0,9.788035030726556,10812.691175272997,22431.04933081479
2024,Производство резиновых и пластмассовых изделий,74650.1,9.788035030726556,7626.668658791958,49259.59276097444
2024,Производство прочих неметаллических минеральных продуктов,78339.1,9.788035030726556,8003.557379400283,17768.296536643385
2024,Металлургическое производство и производство готовых металлических изделий,96342.05,9.788035030726556,9842.838700266546,68742.45035868678
2024,Производство машин и оборудования,92604.8,9.788035030726556,9461.020491783634,16085.112808813785
2024,"Производство электрооборудования, электронного и оптического оборудования",101460.85,9.788035030726556,10365.803726845537,16315.563217607096
2024,Производство транспортных средств и оборудования,95698.65,9.788035030726556,9777.105384235265,19984.04057313315
2024,Прочие производства,74059.8,9.788035030726556,7566.360333561517,16719.462167294314
2024,"Производство и распределение электроэнергии, газа и воды",75139.85,9.788035030726556,7676.7042377884145,25703.77086063925
2024,Строительство,85606.3,9.788035030726556,8746.01487747695,21496.218697264532
2024,"Оптовая и розничная торговля; ремонт автотранспортных средств, мотоциклов, бытовых изделий и предметов личного пользования",77183.9,9.788035030726556,7885.535733955246,12902.77995522981
2024,Гостиницы и рестораны,53568.1,9.788035030726556,5472.814495640775,13354.723336432242
2024,Транспорт и связь,128078.7,9.788035030726556,13085.231059955948,26222.487858523844
2024,Из них связь,,9.788035030726556,,23445.68257942421
2024,Финансовая деятельность,205974.0,9.788035030726556,21043.44736746521,42606.45331761023
2024,"Операции с недвижимым имуществом, аренда и предоставление услуг",64084.3,9.788035030726556,6547.207871531605,20005.212695495782
2024,Государственное управление и обеспечение военной безопасности; социальное страхование,84956.1,9.788035030726556,8679.586835693395,22084.966561425535
2024,Образование,62914.6,9.788035030726556,6427.704825585397,10099.102366977602
2024,Здравоохранение и предоставление социальных услуг,71735.1,9.788035030726556,7328.856075280636,10857.227210039699
2024,"Предоставление прочих коммунальных, социальных и персональных услуг",78502.8,9.788035030726556,8020.281880230747,12605.555929754335
2024,"Производство лекарственных средств и материалов, применяемых в медицинских целях",116066.9,9.788035030726556,11858.03888478569,87287.46816319141
2024,"Деятельность профессиональная,научная и техническая",127206.7,9.788035030726556,12996.142698782063,91980.3670117761
2024,Деятельность административная и сопутствующие дополнительные услуги,60887.3,9.788035030726556,6220.584602411297,44433.17641181301
